order_id,customer_id,product_id,date,city,category,quantity,amount
ORD-1001,C101,P201,2025-01-15,Chennai,Electronics,2,9000.00
ORD-1002,C102,P206,2025-02-10,Mumbai,Stationery,4,1800.00
ORD-1003,C104,P204,2025-03-05,Chennai,Furniture,1,12500.00
ORD-1004,C103,P203,2025-04-18,Bengaluru,Electronics,1,22000.00
ORD-1005,C105,P205,2025-05-22,Delhi,Furniture,2,28000.00
ORD-1006,C107,P202,2025-06-30,Chennai,Electronics,3,25500.00
ORD-1007,C108,P207,2025-07-14,Pune,Stationery,2,2400.00
ORD-1008,C101,P208,2025-08-09,Chennai,Electronics,5,16000.00
ORD-1009,C109,P201,2025-09-19,Hyderabad,Electronics,1,4500.00
ORD-1010,C110,P205,2025-10-25,Chennai,Furniture,1,14000.00
ORD-1011,C106,P206,2025-11-12,Kochi,Stationery,10,4500.00
ORD-1012,C104,P202,2025-12-05,Chennai,Electronics,1,8500.00
ORD-1013,C102,P203,2024-06-11,Mumbai,Electronics,1,22000.00
ORD-1014,C105,P204,2024-11-20,Delhi,Furniture,1,12500.00
ORD-1015,C103,P208,2024-12-15,Bengaluru,Electronics,2,6400.00
ORD-1016,C107,P201,2026-01-10,Chennai,Electronics,2,9000.00
ORD-1017,C108,P205,2026-02-14,Pune,Furniture,1,14000.00
ORD-1018,C110,P207,2026-03-01,Chennai,Stationery,3,3600.00

